DC:0000396 ! Sarcoma	DOID:0060100 ! musculoskeletal system cancer	0.3076923076923077	4	13
DC:0000569 ! Neuropathy, Hereditary Sensory	DOID:0050548 ! hereditary sensory neuropathy	0.3125	5	16
DC:0000569 ! Neuropathy, Hereditary Sensory	DOID:0060053 ! peripheral neuropathy	0.3125	5	16
DC:0000111 ! Deafness, X-Linked	DOID:0050566 ! X-linked nonsyndromic deafness	0.3333333333333333	2	6
DC:0000198 ! Hyperlipidemia, Combined	DOID:13809 ! familial combined hyperlipidemia	0.3333333333333333	1	3
DC:0000313 ! Nasopharyngeal Carcinoma	DOID:0060119 ! pharynx cancer	0.3333333333333333	1	3
DC:0000313 ! Nasopharyngeal Carcinoma	DOID:9261 ! nasopharynx carcinoma	0.3333333333333333	1	3
DC:0000353 ! Peeling Skin Syndrome	DOID:0060283 ! peeling skin syndrome	0.3333333333333333	1	3
DC:0000354 ! Pelvic Organ Prolapse	DOID:0060283 ! peeling skin syndrome	0.3333333333333333	1	3
DC:0000362 ! Polydactyly, Preaxial	DOID:1148 ! polydactyly	0.3333333333333333	2	6
DC:0000414 ! Spinocerebellar Ataxia	DOID:1441 ! spinocerebellar ataxia	0.3333333333333333	21	63
DC:0000417 ! Spondyloarthropathy	DOID:1123 ! spondyloarthropathy	0.3333333333333333	1	3
DC:0000436 ! Thyroid Dyshormonogenesis	DOID:0050328 ! congenital hypothyroidism	0.3333333333333333	4	12
DC:0000443 ! Trichorhinophalangeal Syndrome	DOID:0050552 ! Sugio-Kajii syndrome	0.3333333333333333	1	3
DC:0000443 ! Trichorhinophalangeal Syndrome	DOID:14743 ! trichorhinophalangeal syndrome type I	0.3333333333333333	1	3
DC:0000443 ! Trichorhinophalangeal Syndrome	DOID:4998 ! trichorhinophalangeal syndrome type II	0.3333333333333333	1	3
DC:0000464 ! Acrofrontofacionasal Dysostosis	DOID:0060226 ! acrofrontofacionasal dysostosis	0.3333333333333333	1	3
DC:0000471 ! Angioma Serpiginosum	DOID:1272 ! telangiectasis	0.3333333333333333	1	3
DC:0000471 ! Angioma Serpiginosum	DOID:4028 ! angioma serpiginosum	0.3333333333333333	1	3
DC:0000471 ! Angioma Serpiginosum	DOID:471 ! skin hemangioma	0.3333333333333333	1	3
DC:0000484 ! Brittle Cornea Syndrome	DOID:14775 ! type VI Ehlers-Danlos syndrome	0.3333333333333333	1	3
DC:0000497 ! Cold-Induced Sweating Syndrome	DOID:0060294 ! cold-induced sweating syndrome	0.3333333333333333	1	3
DC:0000499 ! Craniodiaphyseal Dysplasia	DOID:0080033 ! craniometaphyseal dysplasia	0.3333333333333333	2	6
DC:0000507 ! Craniometaphyseal Dysplasia	DOID:0080033 ! craniometaphyseal dysplasia	0.3333333333333333	2	6
DC:0000593 ! Robinow Syndrome	DOID:0060254 ! Robinow syndrome	0.3333333333333333	1	3
DC:0000273 ! Mental Retardation, X-Linked, Syndromic	DOID:0050888 ! syndromic intellectual disability	0.35135135135135137	13	37
DC:0000129 ! Ehlers Danlos Syndrome	DOID:13359 ! Ehlers-Danlos syndrome	0.35294117647058826	6	17
DC:0000129 ! Ehlers Danlos Syndrome	DOID:854 ! collagen disease	0.35294117647058826	6	17
DC:0000199 ! Hyperlipoproteinemia	DOID:1168 ! familial hyperlipidemia	0.375	3	8
DC:0000235 ! Klippel-Feil Syndrome	DOID:10426 ! Klippel-Feil syndrome	0.375	3	8
DC:0000535 ! Hyperbilirubinemia	DOID:2741 ! bilirubin metabolic disorder	0.375	3	8
DC:0000642 ! Colorectal Cancer, Hereditary Nonpolyposis	DOID:3883 ! Lynch syndrome	0.375	3	8
DC:0000131 ! Short-Rib Thoracic Dysplasia	DOID:0050592 ! asphyxiating thoracic dystrophy	0.38461538461538464	5	13
DC:0000013 ! Agammaglobulinemia	DOID:2583 ! agammaglobulinemia	0.4	8	20
DC:0000013 ! Agammaglobulinemia	DOID:620 ! blood protein disease	0.4	8	20
DC:0000110 ! Deafness, Autosomal Recessive	DOID:0050565 ! autosomal recessive nonsyndromic deafness	0.4	32	80
DC:0000152 ! Epilepsy, Idiopathic Generalized	DOID:1827 ! idiopathic generalized epilepsy	0.4	12	30
DC:0000206 ! Hyperthyroidism	DOID:7998 ! hyperthyroidism	0.4	2	5
DC:0000346 ! Pachyonychia Congenita	DOID:0050449 ! pachyonychia congenita	0.4	2	5
DC:0000138 ! Disease Cluster	DOID:4 ! disease	0.41029661570625897	3140	7653
DC:0000185 ! Hirschsprung Disease	DOID:10426 ! Klippel-Feil syndrome	0.4166666666666667	5	12
DC:0000300 ! Epilepsy, Myoclonic	DOID:0050705 ! adolescence-adult electroclinical syndrome	0.4444444444444444	4	9
DC:0000300 ! Epilepsy, Myoclonic	DOID:4890 ! juvenile myoclonic epilepsy	0.4444444444444444	4	9
DC:0000277 ! Microcephaly, Primary, Autosomal Recessive	DOID:10907 ! microcephaly	0.46153846153846156	6	13
DC:0000000 ! 46,XX Sex Reversal	DOID:14450 ! 46 XX gonadal dysgenesis	0.5	3	6
DC:0000006 ! Achromatopsia	DOID:13911 ! achromatopsia	0.5	3	6
DC:0000054 ! Bare Lymphocyte Syndrome	DOID:0060009 ! MHC class I deficiency	0.5	1	2
DC:0000054 ! Bare Lymphocyte Syndrome	DOID:5812 ! MHC class II deficiency	0.5	1	2
DC:0000090 ! Colorblindness, Partial	DOID:13909 ! red-green color blindness	0.5	1	2
DC:0000109 ! Deafness, Autosomal Dominant	DOID:0050564 ! autosomal dominant nonsyndromic deafness	0.5	24	48
DC:0000116 ! Diabetes Insipidus	DOID:11705 ! impaired renal function disease	0.5	2	4
DC:0000116 ! Diabetes Insipidus	DOID:12387 ! nephrogenic diabetes insipidus	0.5	2	4
DC:0000116 ! Diabetes Insipidus	DOID:12388 ! neurohypophyseal diabetes insipidus	0.5	2	4
DC:0000123 ! Dyschromatosis Universalis Hereditaria	DOID:0060304 ! dyschromatosis universalis hereditaria	0.5	2	4
DC:0000145 ! Facioscapulohumeral Muscular Dystrophy	DOID:11727 ! facioscapulohumeral muscular dystrophy	0.5	1	2
DC:0000192 ! Hyper-IgE Recurrent Infection Syndrome	DOID:2959 ! hyperimmunoglobulin syndrome	0.5	1	2
DC:0000192 ! Hyper-IgE Recurrent Infection Syndrome	DOID:3261 ! Job's syndrome	0.5	1	2
DC:0000265 ! Malaria Susceptibility	DOID:12365 ! malaria	0.5	2	4
DC:0000274 ! Methylmalonic Aciduria and Homocystinuria	DOID:14749 ! methylmalonic acidemia	0.5	3	6
DC:0000308 ! Myopathy, Inclusion Body	DOID:3429 ! inclusion body myositis	0.5	2	4
DC:0000309 ! Myotonia Congenita	DOID:2106 ! Thomsen disease	0.5	1	2
DC:0000390 ! Rhabdoid Tumor Predisposition Syndrome	DOID:2129 ! atypical teratoid rhabdoid tumor	0.5	1	2
DC:0000398 ! Schistosoma mansoni Infection, Susceptibility	DOID:0050597 ! intestinal schistosomiasis	0.5	1	2
DC:0000398 ! Schistosoma mansoni Infection, Susceptibility	DOID:1395 ! schistosomiasis	0.5	1	2
DC:0000398 ! Schistosoma mansoni Infection, Susceptibility	DOID:883 ! parasitic helminthiasis infectious disease	0.5	1	2
DC:0000422 ! Stickler Syndrome	DOID:0080046 ! Stickler syndrome	0.5	3	6
DC:0000459 ! Combined Immunodeficiency, X-Linked	DOID:0060013 ! gamma chain deficiency	0.5	1	2
DC:0000481 ! Aortic Valve Disease	DOID:1712 ! aortic valve stenosis	0.5	2	4
DC:0000481 ! Aortic Valve Disease	DOID:62 ! aortic valve disease	0.5	2	4
DC:0000485 ! Brown-Vialetto-Van Laere Syndrome	DOID:0050694 ! Brown-Vialetto-Van Laere syndrome	0.5	1	2
DC:0000491 ! Cerebelloparenchymal Disorder	DOID:12707 ! myoclonic cerebellar dyssynergia	0.5	1	2
DC:0000500 ! Cranioectodermal Dysplasia	DOID:0050577 ! Sensenbrenner syndrome	0.5	2	4
DC:0000514 ! Epidermodysplasia Verruciformis	DOID:13777 ! epidermodysplasia verruciformis	0.5	1	2
DC:0000533 ! Hydatidiform Mole	DOID:3590 ! gestational trophoblastic neoplasm	0.5	1	2
DC:0000533 ! Hydatidiform Mole	DOID:4085 ! trophoblastic neoplasm	0.5	1	2
DC:0000538 ! Hyperlysinemia	DOID:9274 ! hyperlysinemia	0.5	1	2
DC:0000582 ! Primary Lateral Sclerosis	DOID:230 ! lateral sclerosis	0.5	1	2
DC:0000594 ! Sclerocornea	DOID:0060252 ! sclerocornea	0.5	1	2
DC:0000613 ! Wiskott-Aldrich Syndrome	DOID:9169 ! Wiskott-Aldrich syndrome	0.5	2	4
DC:0000659 ! Muscular Dystrophy-Dystroglycanopathy, Type A	DOID:0050588 ! muscular dystrophy-dystroglycanopathy	0.5263157894736842	10	19
DC:0000322 ! Neuronopathy, Distal Hereditary Motor	DOID:0050582 ! distal hereditary motor neuropathy	0.5555555555555556	5	9
DC:0000322 ! Neuronopathy, Distal Hereditary Motor	DOID:683 ! motor neuritis	0.5555555555555556	5	9
DC:0000427 ! Syndactyly	DOID:11193 ! syndactyly	0.5714285714285714	4	7
DC:0000217 ! Hypothyroidism, Congenital, Nongoitrous	DOID:0050328 ! congenital hypothyroidism	0.6	6	10
DC:0000402 ! Seizures, Benign Familial Neonatal	DOID:14264 ! benign neonatal seizures	0.6	3	5
DC:0000460 ! Anemia, Sideroblastic	DOID:8955 ! sideroblastic anemia	0.6	3	5
DC:0000662 ! Pseudohypoparathyroidism	DOID:4184 ! pseudohypoparathyroidism	0.6	3	5
DC:0000137 ! Epileptic Encephalopathy, Early Infantile	DOID:0050709 ! Ohtahara syndrome	0.6071428571428571	17	28
DC:0000176 ! Glycogen Storage Disease	DOID:0050728 ! glycogen metabolism disorder	0.6190476190476191	13	21
DC:0000176 ! Glycogen Storage Disease	DOID:2747 ! glycogen storage disease	0.6190476190476191	13	21
DC:0000218 ! Hypotrichosis	DOID:4535 ! hypotrichosis	0.6190476190476191	13	21
DC:0000282 ! Migraine	DOID:6364 ! migraine	0.625	10	16
DC:0000434 ! Thrombocytopenia	DOID:1588 ! thrombocytopenia	0.625	5	8
DC:0000103 ! Coronary Heart Disease	DOID:3393 ! coronary artery disease	0.6428571428571429	9	14
DC:0000009 ! Acromesomelic dysplasia	DOID:0080049 ! acromesomelic dysplasia	0.6666666666666666	2	3
DC:0000081 ! Chondrodysplasia Punctata	DOID:2581 ! chondrodysplasia punctata	0.6666666666666666	6	9
DC:0000084 ! Choroidal Dystrophy	DOID:9799 ! eye degenerative disease	0.6666666666666666	2	3
DC:0000084 ! Choroidal Dystrophy	DOID:980 ! choroidal sclerosis	0.6666666666666666	2	3
DC:0000127 ! Myotonic dystrophy	DOID:450 ! myotonic disease	0.6666666666666666	2	3
DC:0000223 ! Immunoglobulin A Deficiency	DOID:0060025 ! immunoglobulin alpha deficiency	0.6666666666666666	2	3
DC:0000238 ! Leigh Syndrome	DOID:3652 ! Leigh disease	0.6666666666666666	2	3
DC:0000255 ! Loeys-Dietz Syndrome	DOID:0050466 ! Loeys-Dietz syndrome	0.6666666666666666	4	6
DC:0000328 ! Nystagmus	DOID:9649 ! congenital nystagmus	0.6666666666666666	6	9
DC:0000328 ! Nystagmus	DOID:9650 ! pathologic nystagmus	0.6666666666666666	6	9
DC:0000344 ! Ovarian Cancer	DOID:2394 ! ovarian cancer	0.6666666666666666	2	3
DC:0000349 ! Paragangliomas	DOID:0050773 ! paraganglioma	0.6666666666666666	4	6
DC:0000349 ! Paragangliomas	DOID:169 ! neuroendocrine tumor	0.6666666666666666	4	6
DC:0000366 ! Porphyria	DOID:13268 ! porphyria	0.6666666666666666	6	9
DC:0000369 ! Preeclampsia/Eclampsia	DOID:10591 ! pre-eclampsia	0.6666666666666666	4	6
DC:0000372 ! Primary Hyperoxaluria	DOID:2977 ! primary hyperoxaluria	0.6666666666666666	2	3
DC:0000387 ! Retinal Cone Dystrophy	DOID:0050795 ! cone dystrophy	0.6666666666666666	4	6
DC:0000411 ! Specific Language Impairment	DOID:0060244 ! specific language impairment	0.6666666666666666	4	6
DC:0000411 ! Specific Language Impairment	DOID:93 ! language disorder	0.6666666666666666	4	6
DC:0000437 ! Thyroid Hormone Resistance	DOID:11633 ! thyroid hormone resistance syndrome	0.6666666666666666	2	3
DC:0000450 ! Van der Woude Syndrome	DOID:0060239 ! Van der Woude syndrome	0.6666666666666666	2	3
DC:0000458 ! Wolfram Syndrome	DOID:10632 ! Wolfram syndrome	0.6666666666666666	2	3
DC:0000494 ! Chorea	DOID:12859 ! choreatic disease	0.6666666666666666	2	3
DC:0000504 ! Reticulate Pigment Disorder	DOID:0060256 ! Dowling-Degos disease	0.6666666666666666	4	6
DC:0000597 ! Sotos Syndrome	DOID:14748 ! Sotos syndrome	0.6666666666666666	2	3
DC:0000633 ! Autoimmune Lymphoproliferative Syndrome	DOID:6688 ! autoimmune lymphoproliferative syndrome	0.6666666666666666	4	6
DC:0000664 ! Telangiectasia, Hereditary Hemorrhagic	DOID:1270 ! hereditary hemorrhagic telangiectasia	0.6666666666666666	4	6
DC:0000628 ! Congenital Disorders of Glycosylation, Type I	DOID:0050570 ! congenital disorder of glycosylation type I	0.68	17	25
DC:0000297 ! Myasthenic Syndrome	DOID:3635 ! congenital myasthenic syndrome	0.7	7	10
DC:0000303 ! Myopathy, Distal	DOID:11720 ! distal muscular dystrophy	0.7	7	10
DC:0000094 ! Complement Component Deficiency	DOID:626 ! complement deficiency	0.7142857142857143	10	14
DC:0000118 ! Diabetes Mellitus, Noninsulin-Dependent	DOID:9352 ! type 2 diabetes mellitus	0.7142857142857143	5	7
DC:0000139 ! Epiphyseal Dysplasia, Multiple	DOID:12721 ! multiple epiphyseal dysplasia	0.7142857142857143	5	7
DC:0000257 ! Lung Cancer	DOID:0050615 ! respiratory system cancer	0.7142857142857143	5	7
DC:0000257 ! Lung Cancer	DOID:1324 ! lung cancer	0.7142857142857143	5	7
DC:0000266 ! Malignant Hyperthermia	DOID:8545 ! malignant hyperthermia	0.7142857142857143	5	7
DC:0000319 ! Neuroblastoma	DOID:1192 ! peripheral nervous system neoplasm	0.7142857142857143	5	7
DC:0000319 ! Neuroblastoma	DOID:2621 ! autonomic nervous system neoplasm	0.7142857142857143	5	7
DC:0000319 ! Neuroblastoma	DOID:769 ! neuroblastoma	0.7142857142857143	5	7
DC:0000089 ! Coloboma	DOID:12270 ! coloboma	0.75	3	4
DC:0000104 ! Craniosynostosis	DOID:2340 ! craniosynostosis	0.75	6	8
DC:0000148 ! Fanconi Renotubular Syndrome	DOID:1062 ! Fanconi syndrome	0.75	3	4
DC:0000164 ! Focal Segmental Glomerulosclerosis	DOID:0050851 ! glomerulosclerosis	0.75	6	8
DC:0000164 ! Focal Segmental Glomerulosclerosis	DOID:1312 ! focal segmental glomerulosclerosis	0.75	6	8
DC:0000327 ! Noonan Syndrome	DOID:3490 ! Noonan syndrome	0.75	6	8
DC:0000329 ! Albinism, Oculocutaneous	DOID:0050632 ! oculocutaneous albinism	0.75	6	8
DC:0000347 ! Palmoplantar Keratoderma, Nonepidermolytic	DOID:0050428 ! nonepidermolytic palmoplantar keratoderma	0.75	3	4
DC:0000455 ! Von Willebrand Disease	DOID:12531 ! von Willebrand's disease	0.75	3	4
DC:0000470 ! Anemia, Nonspherocytic Hemolytic	DOID:2861 ! congenital nonspherocytic hemolytic anemia	0.75	3	4
DC:0000610 ! Ventricular Septal Defect	DOID:1657 ! ventricular septal defect	0.75	3	4
DC:0000655 ! Mental Retardation, Autosomal Recessive	DOID:0060308 ! autosomal recessive non-syndromic intellectual disability	0.7555555555555555	34	45
DC:0000654 ! Mental Retardation, Autosomal Dominant	DOID:0060307 ! autosomal dominant non-syndromic intellectual disability	0.7647058823529411	26	34
DC:0000326 ! Night Blindness, Congenital Stationary	DOID:8499 ! night blindness	0.7692307692307693	10	13
DC:0000629 ! Congenital Disorders of Glycosylation, Type II	DOID:0050571 ! congenital disorder of glycosylation type II	0.7692307692307693	10	13
DC:0000124 ! Dyskeratosis Congenita	DOID:2729 ! dyskeratosis congenita	0.7777777777777778	7	9
DC:0000343 ! Otosclerosis	DOID:12185 ! otosclerosis	0.7777777777777778	7	9
DC:0000385 ! Restless Legs Syndrome	DOID:0050425 ! restless legs syndrome	0.7777777777777778	7	9
DC:0000625 ! Epilepsy, Progressive Myoclonic	DOID:0050706 ! variable age at onset electroclinical syndrome	0.7777777777777778	7	9
DC:0000625 ! Epilepsy, Progressive Myoclonic	DOID:891 ! progressive myoclonus epilepsy	0.7777777777777778	7	9
DC:0000201 ! Hyperparathyroidism	DOID:13543 ! hyperparathyroidism	0.8	4	5
DC:0000256 ! Long QT Syndrome	DOID:2843 ! long QT syndrome	0.8	12	15
DC:0000334 ! Orofacial Cleft	DOID:0050567 ! orofacial cleft	0.8	12	15
DC:0000435 ! Thyroid Cancer	DOID:1781 ! thyroid cancer	0.8	4	5
DC:0000435 ! Thyroid Cancer	DOID:3963 ! thyroid carcinoma	0.8	4	5
DC:0000466 ! Adams Oliver Syndrome	DOID:0060227 ! Adams-Oliver syndrome	0.8	4	5
DC:0000577 ! Perrault Syndrome	DOID:0050857 ! Perrault syndrome	0.8	4	5
DC:0000052 ! Systemic Lupus Erythematosus	DOID:8857 ! lupus erythematosus	0.8095238095238095	17	21
DC:0000052 ! Systemic Lupus Erythematosus	DOID:9074 ! systemic lupus erythematosus	0.8095238095238095	17	21
DC:0000323 ! Neuropathy, Hereditary Sensory and Autonomic	DOID:0050548 ! hereditary sensory neuropathy	0.8125	13	16
DC:0000323 ! Neuropathy, Hereditary Sensory and Autonomic	DOID:0060053 ! peripheral neuropathy	0.8125	13	16
DC:0000172 ! Glaucoma	DOID:1686 ! glaucoma	0.8181818181818182	18	22
DC:0000119 ! Diabetes, Maturity-Onset of the Young	DOID:0050524 ! maturity-onset diabetes of the young	0.8333333333333334	10	12
DC:0000179 ! Cowden Disease	DOID:6457 ! Cowden disease	0.8333333333333334	5	6
DC:0000262 ! Macular Degeneration, Age-Related	DOID:10871 ! age related macular degeneration	0.8333333333333334	15	18
DC:0000358 ! Pituitary Hormone Deficiency, Combined	DOID:53 ! pituitary gland disease	0.8333333333333334	5	6
DC:0000358 ! Pituitary Hormone Deficiency, Combined	DOID:9406 ! hypopituitarism	0.8333333333333334	5	6
DC:0000382 ! Pyruvate Dehydrogenase Complex Deficiency	DOID:3649 ! pyruvate decarboxylase deficiency	0.8333333333333334	5	6
DC:0000016 ! Alopecia, Isolated	DOID:987 ! alopecia	0.8571428571428571	6	7
DC:0000071 ! Celiac Disease	DOID:0060031 ! autoimmune disease of gastrointestinal tract	0.8571428571428571	12	14
DC:0000071 ! Celiac Disease	DOID:10608 ! celiac disease	0.8571428571428571	12	14
DC:0000180 ! Hemochromatosis	DOID:2352 ! hemochromatosis	0.8571428571428571	6	7
DC:0000182 ! Hemolytic Uremic Syndrome	DOID:12554 ! hemolytic-uremic syndrome	0.8571428571428571	6	7
DC:0000324 ! Neutropenia, Severe Congenital	DOID:0050590 ! severe congenital neutropenia	0.8571428571428571	6	7
DC:0000333 ! Optic Atrophy	DOID:5723 ! optic atrophy	0.8571428571428571	6	7
DC:0000636 ! Aortic Aneurysm, Familial Thoracic	DOID:14004 ! thoracic aortic aneurysm	0.8571428571428571	6	7
DC:0000378 ! Psoriasis	DOID:8893 ! psoriasis	0.8666666666666667	13	15
DC:0000140 ! Episodic Ataxia	DOID:963 ! episodic ataxia	0.875	7	8
DC:0000160 ! Epilepsy, Generalized, with Febrile Seizures Plus	DOID:0060170 ! generalized epilepsy with febrile seizures plus	0.875	7	8
DC:0000253 ! Lissencephaly	DOID:0050453 ! lissencephaly	0.875	7	8
DC:0000401 ! Seckel Syndrome	DOID:0050569 ! Seckel syndrome	0.875	7	8
DC:0000047 ! Autism	DOID:12849 ! autistic disorder	0.88	22	25
DC:0000338 ! Osteogenesis Imperfecta	DOID:12347 ! osteogenesis imperfecta	0.8823529411764706	15	17
DC:0000364 ! Pontocerebellar Hypoplasia	DOID:0060264 ! pontocerebellar hypoplasia	0.8823529411764706	15	17
DC:0000656 ! Mental Retardation, X-linked, Nonsyndromic	DOID:0050776 ! non-syndromic X-linked intellectual disability	0.8837209302325582	38	43
DC:0000001 ! 46,XY Sex Reversal	DOID:14448 ! 46 XY gonadal dysgenesis	0.8888888888888888	8	9
DC:0000021 ! Leber Congenital Amaurosis	DOID:14791 ! Leber congenital amaurosis	0.8888888888888888	16	18
DC:0000461 ! Xeroderma Pigmentosum	DOID:0050427 ! xeroderma pigmentosum	0.8888888888888888	8	9
DC:0000375 ! Prostate Cancer	DOID:10283 ! prostate cancer	0.8947368421052632	17	19
DC:0000271 ! Melanoma, Cutaneous Malignant	DOID:8923 ! skin melanoma	0.9	9	10
DC:0000314 ! Nemaline Myopathy	DOID:3191 ! nemaline myopathy	0.9	9	10
DC:0000370 ! Premature Ovarian Failure	DOID:5426 ! premature ovarian failure	0.9	9	10
DC:0000453 ! Vesicoureteral Reflux	DOID:9620 ! vesicoureteral reflux	0.9	9	10
DC:0000065 ! Cardiomyopathy, Dilated	DOID:12930 ! dilated cardiomyopathy	0.9069767441860465	39	43
DC:0000093 ! Immunodeficiency, Common Variable	DOID:12177 ! common variable immunodeficiency	0.9090909090909091	10	11
DC:0000188 ! Holoprosencephaly	DOID:4621 ! holoprosencephaly	0.9090909090909091	10	11
DC:0000030 ! Charcot-Marie-Tooth Disease	DOID:10595 ! Charcot-Marie-Tooth disease	0.9107142857142857	51	56
DC:0000024 ! Amyotrophic Lateral Sclerosis	DOID:332 ! amyotrophic lateral sclerosis	0.9130434782608695	21	23
DC:0000092 ! Combined Oxidative Phosphorylation Deficiency	DOID:0060286 ! combined oxidative phosphorylation deficiency	0.9130434782608695	21	23
DC:0000386 ! Retinitis Pigmentosa	DOID:10584 ! retinitis pigmentosa	0.9142857142857143	64	70
DC:0000307 ! Myopia	DOID:11830 ! myopia	0.9166666666666666	22	24
DC:0000231 ! Joubert Syndrome	DOID:0050777 ! Joubert syndrome	0.95	19	20
DC:0000066 ! Cardiomyopathy, Familial Hypertrophic	DOID:11984 ! hypertrophic cardiomyopathy	0.9523809523809523	20	21
DC:0000388 ! Retinal Cone-Rod Dystrophy	DOID:0050572 ! cone-rod dystrophy	0.9565217391304348	22	23
DC:0000086 ! Ciliary Dyskinesia, Primary	DOID:9562 ! primary ciliary dyskinesia	0.9666666666666667	29	30
DC:0000410 ! Spastic Paraplegia	DOID:2476 ! hereditary spastic paraplegia	0.9833333333333333	59	60
DC:0000410 ! Spastic Paraplegia	DOID:607 ! paraplegia	0.9833333333333333	59	60
DC:0000007 ! Acne Inversa	DOID:2280 ! hidradenitis suppurativa	1	3	3
DC:0000007 ! Acne Inversa	DOID:2282 ! hidradenitis	1	3	3
DC:0000008 ! Carpenter Syndrome	DOID:0060234 ! Carpenter syndrome	1	2	2
DC:0000014 ! Aicardi-Goutieres syndrome	DOID:0050629 ! Aicardi-Goutieres syndrome	1	7	7
DC:0000015 ! Alagille syndrome	DOID:9245 ! Alagille syndrome	1	2	2
DC:0000019 ! Alport Syndrome	DOID:10983 ! Alport syndrome	1	3	3
DC:0000020 ! Alzheimer Disease	DOID:10652 ! Alzheimer's disease	1	21	21
DC:0000020 ! Alzheimer Disease	DOID:680 ! tauopathy	1	21	21
DC:0000022 ! Amelogenesis Imperfecta	DOID:2187 ! amelogenesis imperfecta	1	12	12
DC:0000022 ! Amelogenesis Imperfecta	DOID:693 ! dental enamel hypoplasia	1	12	12
DC:0000023 ! Amyloidosis, Primary Localized Cutaneous	DOID:0050639 ! primary cutaneous amyloidosis	1	2	2
DC:0000025 ! Diamond-Blackfan Anemia	DOID:1339 ! Diamond-Blackfan anemia	1	13	13
DC:0000026 ! Anemia, Congenital Dyserythropoietic	DOID:1338 ! congenital dyserythropoietic anemia	1	5	5
DC:0000027 ! Aneurysm, Intracranial Berry	DOID:0060228 ! intracranial berry aneurysm	1	11	11
DC:0000027 ! Aneurysm, Intracranial Berry	DOID:10941 ! intracranial aneurysm	1	11	11
DC:0000028 ! Hereditary Angioedemas	DOID:14735 ! hereditary angioedema	1	2	2
DC:0000028 ! Hereditary Angioedemas	DOID:1558 ! angioedema	1	2	2
DC:0000036 ! Arrhythmogenic Right Ventricular Dysplasia, Familial	DOID:0050431 ! arrhythmogenic right ventricular cardiomyopathy	1	12	12
DC:0000037 ! Arthrogryposis, Renal Dysfunction, and Cholestasis	DOID:0050763 ! ARC syndrome	1	2	2
DC:0000038 ! Arthrogryposis, Distal	DOID:0050646 ! distal arthrogryposis	1	14	14
DC:0000039 ! Asperger Syndrome	DOID:0050432 ! Asperger syndrome	1	6	6
DC:0000040 ! Atelosteogenesis	DOID:0050648 ! atelosteogenesis	1	3	3
DC:0000042 ! Atrial Fibrillation, Familial	DOID:0050650 ! familial atrial fibrillation	1	15	15
DC:0000042 ! Atrial Fibrillation, Familial	DOID:0060224 ! atrial fibrillation	1	15	15
DC:0000043 ! Atrial Septal Defect	DOID:1882 ! atrial heart septal defect	1	9	9
DC:0000044 ! Atrioventricular Septal Defect	DOID:0050651 ! atrioventricular septal defect	1	5	5
DC:0000045 ! Attention Deficit-Hyperactivity Disorder	DOID:1094 ! attention deficit hyperactivity disorder	1	8	8
DC:0000049 ! Rheumatoid Arthritis	DOID:7148 ! rheumatoid arthritis	1	2	2
DC:0000050 ! Diabetes Mellitus, Insulin-Dependent	DOID:9744 ! type 1 diabetes mellitus	1	22	22
DC:0000051 ! Graves Disease	DOID:0060005 ! autoimmune disease of endocrine system	1	3	3
DC:0000051 ! Graves Disease	DOID:12361 ! Graves' disease	1	3	3
DC:0000053 ! Axenfeld-Rieger syndrome	DOID:14686 ! Axenfeld-Rieger syndrome	1	3	3
DC:0000055 ! Bartter Syndrome	DOID:445 ! Bartter disease	1	5	5
DC:0000056 ! Basal Cell Carcinoma	DOID:2513 ! basal cell carcinoma	1	8	8
DC:0000056 ! Basal Cell Carcinoma	DOID:3451 ! skin carcinoma	1	8	8
DC:0000058 ! Brachydactyly	DOID:0050581 ! brachydactyly	1	16	16
DC:0000059 ! Branchiootic Syndrome	DOID:0060232 ! branchiootic syndrome	1	3	3
DC:0000060 ! Branchiootorenal syndrome	DOID:14702 ! branchiootorenal syndrome	1	2	2
DC:0000061 ! Breast Cancer	DOID:1612 ! breast cancer	1	3	3
DC:0000061 ! Breast Cancer	DOID:5093 ! thoracic cancer	1	3	3
DC:0000062 ! Bronchiectasis	DOID:9563 ! bronchiectasis	1	3	3
DC:0000063 ! Bulimia Nervosa	DOID:12129 ! bulimia nervosa	1	2	2
DC:0000063 ! Bulimia Nervosa	DOID:8670 ! eating disorder	1	2	2
DC:0000067 ! Cardiomyopathy, Familial Restrictive	DOID:397 ! restrictive cardiomyopathy	1	4	4
DC:0000068 ! Carney complex	DOID:0050471 ! Carney complex	1	3	3
DC:0000069 ! Carnitine Palmitoyltransferase II Deficiency	DOID:0060235 ! carnitine palmitoyltransferase II deficiency	1	3	3
DC:0000073 ! Cerebral Amyloid Angiopathy	DOID:9246 ! cerebral amyloid angiopathy	1	4	4
DC:0000077 ! Ceroid Lipofuscinosis, Neuronal	DOID:14503 ! neuronal ceroid lipofuscinosis	1	14	14
DC:0000078 ! Cholestasis	DOID:13580 ! cholestasis	1	8	8
DC:0000078 ! Cholestasis	DOID:1852 ! intrahepatic cholestasis	1	8	8
DC:0000079 ! Chondrocalcinosis	DOID:1156 ! chondrocalcinosis	1	3	3
DC:0000079 ! Chondrocalcinosis	DOID:1222 ! cartilage disease	1	3	3
DC:0000082 ! Chondrosarcoma	DOID:3371 ! chondrosarcoma	1	2	2
DC:0000088 ! Cockayne Syndrome	DOID:2962 ! Cockayne syndrome	1	3	3
DC:0000091 ! Colorectal Cancer	DOID:9256 ! colorectal cancer	1	12	12
DC:0000097 ! Seizures, Benign Familial Infantile	DOID:0060169 ! benign familial infantile epilepsy	1	4	4
DC:0000098 ! Cornea Plana	DOID:0060287 ! cornea plana	1	2	2
DC:0000101 ! Cornelia De Lange Syndrome	DOID:11725 ! Cornelia de Lange syndrome	1	5	5
DC:0000106 ! Cutis Laxa	DOID:3144 ! cutis laxa	1	9	9
DC:0000108 ! D-2-Hydroxyglutaric Aciduria	DOID:0050575 ! D-2-hydroxyglutaric aciduria	1	2	2
DC:0000113 ! Dentin Dysplasia	DOID:701 ! dentin dysplasia	1	2	2
DC:0000114 ! Major Depressive Disorder	DOID:1595 ! endogenous depression	1	3	3
DC:0000114 ! Major Depressive Disorder	DOID:1596 ! mental depression	1	3	3
DC:0000114 ! Major Depressive Disorder	DOID:3324 ! mood disorder	1	3	3
DC:0000115 ! Dermatitis, Atopic	DOID:3310 ! atopic dermatitis	1	9	9
DC:0000120 ! Diaphragmatic Hernia	DOID:10481 ! diaphragm disease	1	3	3
DC:0000120 ! Diaphragmatic Hernia	DOID:3827 ! congenital diaphragmatic hernia	1	3	3
DC:0000122 ! Duane Retraction Syndrome	DOID:12557 ! Duane retraction syndrome	1	2	2
DC:0000122 ! Duane Retraction Syndrome	DOID:540 ! strabismus	1	2	2
DC:0000122 ! Duane Retraction Syndrome	DOID:9834 ! hyperopia	1	2	2
DC:0000125 ! Dyslexia	DOID:13365 ! reading disorder	1	7	7
DC:0000125 ! Dyslexia	DOID:4428 ! dyslexia	1	7	7
DC:0000125 ! Dyslexia	DOID:8927 ! learning disability	1	7	7
DC:0000130 ! Elliptocytosis	DOID:2373 ! hereditary elliptocytosis	1	3	3
DC:0000132 ! Emery-Dreifuss Muscular Dystrophy	DOID:11726 ! Emery-Dreifuss muscular dystrophy	1	6	6
DC:0000143 ! Exostoses, Multiple	DOID:206 ! hereditary multiple exostoses	1	3	3
DC:0000144 ! Exudative Vitreoretinopathy	DOID:0050535 ! exudative vitreoretinopathy	1	5	5
DC:0000147 ! Fanconi Anemia	DOID:13636 ! Fanconi's anemia	1	16	16
DC:0000156 ! Esophagitis, Eosinophilic	DOID:11963 ! esophagitis	1	2	2
DC:0000156 ! Esophagitis, Eosinophilic	DOID:13922 ! eosinophilic esophagitis	1	2	2
DC:0000157 ! Familial Mediterranean Fever	DOID:2987 ! familial Mediterranean fever	1	2	2
DC:0000165 ! Friedreich Ataxia	DOID:12705 ! Friedreich ataxia	1	2	2
DC:0000167 ! Frontotemporal Dementia	DOID:9255 ! frontotemporal dementia	1	2	2
DC:0000169 ! Gallbladder Disease	DOID:0060262 ! gallbladder disease	1	4	4
DC:0000170 ! GM1-Gangliosidosis	DOID:3322 ! gangliosidosis GM1	1	3	3
DC:0000171 ! Gaucher Disease	DOID:1926 ! Gaucher's disease	1	5	5
DC:0000173 ! Glioma	DOID:3070 ! malignant glioma	1	8	8
DC:0000177 ! Goiter, Multinodular	DOID:0050489 ! multinodular goiter	1	3	3
DC:0000177 ! Goiter, Multinodular	DOID:12176 ! goiter	1	3	3
DC:0000178 ! Granulomatous Disease, Chronic	DOID:3262 ! phagocyte bactericidal dysfunction	1	6	6
DC:0000178 ! Granulomatous Disease, Chronic	DOID:3265 ! chronic granulomatous disease	1	6	6
DC:0000183 ! Hemophagocytic Lymphohistiocytosis, Familial	DOID:0050120 ! hemophagocytic lymphohistiocytosis	1	5	5
DC:0000186 ! Heterotopia, Periventricular	DOID:0050454 ! periventricular nodular heterotopia	1	6	6
DC:0000187 ! Hodgkin Disease	DOID:8567 ! Hodgkin's lymphoma	1	3	3
DC:0000189 ! Homocystinuria	DOID:9263 ! homocystinuria	1	2	2
DC:0000191 ! Hydrocephalus	DOID:10908 ! hydrocephalus	1	6	6
DC:0000193 ! Hyperaldosteronism, Familial	DOID:3947 ! adrenal gland hyperfunction	1	3	3
DC:0000193 ! Hyperaldosteronism, Familial	DOID:446 ! hyperaldosteronism	1	3	3
DC:0000196 ! Bile Acid Synthesis Defect, Congenital	DOID:0050674 ! congenital bile acid synthesis defect	1	4	4
DC:0000197 ! Hyperinsulinemic Hypoglycemia	DOID:13317 ! hyperinsulinemic hypoglycemia	1	7	7
DC:0000208 ! Hyperuricemic Nephropathy, Familial Juvenile	DOID:0060062 ! familial juvenile hyperuricemic nephropathy	1	3	3
DC:0000211 ! Hypokalemic Periodic Paralysis	DOID:14452 ! hypokalemic periodic paralysis	1	2	2
DC:0000213 ! Hypoparathyroidism	DOID:11199 ! hypoparathyroidism	1	2	2
DC:0000214 ! Hypophosphatasia	DOID:14213 ! hypophosphatasia	1	3	3
DC:0000215 ! Hypophosphatemic Rickets	DOID:0050445 ! X-linked hypophosphatemia	1	5	5
DC:0000216 ! Hypospadias	DOID:10892 ! hypospadias	1	4	4
DC:0000225 ! Inflammatory Bowel Disease	DOID:0050589 ! inflammatory bowel disease	1	28	28
DC:0000228 ! Iridogoniodysgenesis	DOID:0050786 ! iridogoniodysgenesis syndrome	1	2	2
DC:0000230 ! Jervell and Lange-Nielsen Syndrome	DOID:2842 ! Jervell-Lange Nielsen syndrome	1	2	2
DC:0000232 ! Keratoconus	DOID:10126 ! keratoconus	1	8	8
DC:0000236 ! 3MC Syndrome	DOID:0060225 ! 3MC syndrome	1	3	3
DC:0000239 ! LEOPARD Syndrome	DOID:14291 ! LEOPARD syndrome	1	3	3
DC:0000240 ! Leprosy, Susceptibility to	DOID:0050338 ! primary bacterial infectious disease	1	6	6
DC:0000240 ! Leprosy, Susceptibility to	DOID:1024 ! leprosy	1	6	6
DC:0000240 ! Leprosy, Susceptibility to	DOID:104 ! bacterial infectious disease	1	6	6
DC:0000242 ! Leukemia, Chronic Lymphocytic	DOID:1040 ! chronic lymphocytic leukemia	1	6	6
DC:0000246 ! Leukodystrophy, Metachromatic	DOID:10581 ! metachromatic leukodystrophy	1	2	2
DC:0000249 ! Li-Fraumeni Syndrome	DOID:3012 ! Li-Fraumeni syndrome	1	3	3
DC:0000250 ! Muscular Dystrophy, Limb-Girdle	DOID:11724 ! limb-girdle muscular dystrophy	1	27	27
DC:0000251 ! Lipodystrophy, Congenital Generalized	DOID:0050585 ! congenital generalized lipodystrophy	1	4	4
DC:0000252 ! Lipodystrophy, Familial Partial	DOID:0050440 ! familial partial lipodystrophy	1	5	5
DC:0000254 ! Liver Cirrhosis, Biliary	DOID:0060049 ! autoimmune disease of urogenital tract	1	5	5
DC:0000254 ! Liver Cirrhosis, Biliary	DOID:12236 ! primary biliary cirrhosis	1	5	5
DC:0000254 ! Liver Cirrhosis, Biliary	DOID:5082 ! liver cirrhosis	1	5	5
DC:0000258 ! Lymphedema	DOID:0050580 ! hereditary lymphedema	1	6	6
DC:0000258 ! Lymphedema	DOID:4977 ! lymphedema	1	6	6
DC:0000261 ! Macroglobulinemia, Waldenstrom	DOID:0050747 ! lymphoplasmacytic lymphoma	1	2	2
DC:0000269 ! Megaloblastic Anemia	DOID:13382 ! megaloblastic anemia	1	2	2
DC:0000269 ! Megaloblastic Anemia	DOID:2361 ! macrocytic anemia	1	2	2
DC:0000270 ! Meier-Gorlin Syndrome	DOID:0060306 ! Meier-Gorlin syndrome	1	5	5
DC:0000286 ! Mitral Valve Prolapse	DOID:61 ! mitral valve disease	1	3	3
DC:0000286 ! Mitral Valve Prolapse	DOID:988 ! mitral valve prolapse	1	3	3
DC:0000288 ! Moyamoya Disease	DOID:13099 ! Moyamoya disease	1	6	6
DC:0000290 ! Mucopolysaccharidosis	DOID:12798 ! mucopolysaccharidosis	1	14	14
DC:0000293 ! Multiple Sclerosis	DOID:2377 ! multiple sclerosis	1	5	5
DC:0000293 ! Multiple Sclerosis	DOID:3213 ! demyelinating disease	1	5	5
DC:0000294 ! Multiple Synostoses Syndrome	DOID:0050794 ! multiple synostoses syndrome	1	3	3
DC:0000299 ! Myocardial Infarction, Susceptibility	DOID:5844 ! myocardial infarction	1	2	2
DC:0000301 ! Myopathy, Centronuclear	DOID:14717 ! centronuclear myopathy	1	6	6
DC:0000312 ! Narcolepsy	DOID:8986 ! narcolepsy	1	7	7
DC:0000315 ! Citrullinemia	DOID:9273 ! citrullinemia	1	3	3
DC:0000316 ! Nephronophthisis	DOID:12712 ! nephronophthisis	1	14	14
DC:0000317 ! Nephrotic Syndrome	DOID:1184 ! nephrotic syndrome	1	10	10
DC:0000317 ! Nephrotic Syndrome	DOID:2527 ! nephrosis	1	10	10
DC:0000321 ! Neurofibromatosis	DOID:8712 ! neurofibromatosis	1	5	5
DC:0000325 ! Niemann-Pick Disease	DOID:14504 ! Niemann-Pick disease	1	4	4
DC:0000330 ! Oculodentodigital Dysplasia	DOID:0060291 ! oculodentodigital dysplasia	1	2	2
DC:0000332 ! Opitz GBBB Syndrome	DOID:0050780 ! Opitz-GBBB syndrome	1	2	2
DC:0000336 ! Paget Disease of Bone	DOID:5408 ! Paget's disease of bone	1	3	3
DC:0000337 ! Osteoarthritis	DOID:8398 ! osteoarthritis	1	6	6
DC:0000339 ! Bruck Syndrome	DOID:0060231 ! Bruck syndrome	1	2	2
DC:0000340 ! Osteopetrosis	DOID:13533 ! osteopetrosis	1	10	10
DC:0000348 ! Pancreatic Cancer	DOID:1793 ! pancreatic cancer	1	5	5
DC:0000350 ! Parietal Foramina	DOID:0060285 ! parietal foramina	1	3	3
DC:0000351 ! Parkinson Disease	DOID:14330 ! Parkinson's disease	1	22	22
DC:0000352 ! Acrodysostosis	DOID:14669 ! acrodysostosis	1	2	2
DC:0000355 ! Photoparoxysmal Response	DOID:0060281 ! photosensitive epilepsy	1	3	3
DC:0000357 ! Pigmented Nodular Adrenocortical Disease	DOID:0060280 ! primary pigmented nodular adrenocortical disease	1	4	4
DC:0000359 ! Polycystic Kidney Disease	DOID:898 ! polycystic kidney disease	1	4	4
DC:0000360 ! Meckel Syndrome	DOID:0050778 ! Meckel syndrome	1	11	11
DC:0000368 ! Leukemia, Acute Lymphoblastic	DOID:9952 ! acute lymphocytic leukemia	1	4	4
DC:0000376 ! Protoporphyria, Erythropoietic	DOID:13270 ! erythropoietic protoporphyria	1	2	2
DC:0000379 ! Pseudoxanthoma Elasticum	DOID:2738 ! pseudoxanthoma elasticum	1	2	2
DC:0000380 ! Ptosis	DOID:0060260 ! ptosis	1	2	2
DC:0000380 ! Ptosis	DOID:0060261 ! congenital ptosis	1	2	2
DC:0000381 ! Pyloric Stenosis, Infantile	DOID:12638 ! hypertrophic pyloric stenosis	1	5	5
DC:0000381 ! Pyloric Stenosis, Infantile	DOID:12639 ! pyloric stenosis	1	5	5
DC:0000381 ! Pyloric Stenosis, Infantile	DOID:3122 ! gastric outlet obstruction	1	5	5
DC:0000383 ! Renal Cell Carcinoma	DOID:4450 ! renal cell carcinoma	1	3	3
DC:0000383 ! Renal Cell Carcinoma	DOID:4451 ! renal carcinoma	1	3	3
DC:0000384 ! Renal Tubular Acidosis	DOID:14219 ! renal tubular acidosis	1	3	3
DC:0000389 ! Rett Syndrome	DOID:1206 ! Rett syndrome	1	2	2
DC:0000391 ! Rhabdomyosarcoma	DOID:3247 ! rhabdomyosarcoma	1	2	2
DC:0000392 ! Rhizomelic Chondrodysplasia Punctata	DOID:2580 ! rhizomelic chondrodysplasia punctata	1	3	3
DC:0000393 ! Rippling Muscle Disease	DOID:0060255 ! rippling muscle disease	1	2	2
DC:0000394 ! Rubinstein-Taybi Syndrome	DOID:1933 ! Rubinstein-Taybi syndrome	1	3	3
DC:0000395 ! Sarcoidosis	DOID:11335 ! sarcoidosis	1	4	4
DC:0000397 ! Scapuloperoneal Myopathy	DOID:0060253 ! scapuloperoneal myopathy	1	2	2
DC:0000400 ! Scoliosis, Idiopathic	DOID:0060249 ! scoliosis	1	5	5
DC:0000400 ! Scoliosis, Idiopathic	DOID:0060250 ! idiopathic scoliosis	1	5	5
DC:0000403 ! Senior-Loken Syndrome	DOID:0050576 ! Senior-Loken syndrome	1	6	6
DC:0000404 ! Spermatogenic Failure	DOID:12336 ! male infertility	1	18	18
DC:0000407 ! Sick Sinus Syndrome	DOID:0050824 ! sinoatrial node disease	1	3	3
DC:0000407 ! Sick Sinus Syndrome	DOID:13884 ! sick sinus syndrome	1	3	3
DC:0000408 ! Simpson-Golabi-Behmel Syndrome	DOID:0060248 ! Simpson-Golabi-Behmel syndrome	1	2	2
DC:0000412 ! Spherocytosis	DOID:12971 ! hereditary spherocytosis	1	4	4
DC:0000418 ! Spondylocostal Dysostosis	DOID:0050568 ! spondylocostal dysostosis	1	5	5
DC:0000421 ! Stargardt Disease	DOID:0050817 ! Stargardt disease	1	3	3
DC:0000423 ! Stuttering, Familial Persistent	DOID:0060243 ! stuttering	1	4	4
DC:0000423 ! Stuttering, Familial Persistent	DOID:4186 ! articulation disorder	1	4	4
DC:0000423 ! Stuttering, Familial Persistent	DOID:92 ! speech disorder	1	4	4
DC:0000425 ! Supranuclear Palsy, Progressive	DOID:678 ! progressive supranuclear palsy	1	3	3
DC:0000426 ! Pulmonary Surfactant Metabolism Dysfunction	DOID:12120 ! pulmonary alveolar proteinosis	1	5	5
DC:0000428 ! Synpolydactyly	DOID:0060242 ! synpolydactyly	1	3	3
DC:0000431 ! Testicular Germ Cell Tumor	DOID:2998 ! testicular cancer	1	2	2
DC:0000431 ! Testicular Germ Cell Tumor	DOID:5557 ! testicular germ cell cancer	1	2	2
DC:0000432 ! Thanatophoric Dysplasia	DOID:13481 ! thanatophoric dysplasia	1	3	3
DC:0000433 ! Thrombocythemia	DOID:2224 ! hemorrhagic thrombocythemia	1	4	4
DC:0000433 ! Thrombocythemia	DOID:2226 ! chronic myeloproliferative disease	1	4	4
DC:0000439 ! Tooth Agenesis, Selective	DOID:0050591 ! tooth agenesis	1	7	7
DC:0000440 ! Treacher Collins Syndrome	DOID:2908 ! Treacher Collins syndrome	1	3	3
DC:0000444 ! Tuberous Sclerosis	DOID:13515 ! tuberous sclerosis	1	2	2
DC:0000446 ! Tyrosinemia	DOID:9275 ! tyrosinemia	1	3	3
DC:0000447 ! Usher Syndrome	DOID:0050439 ! Usher syndrome	1	14	14
DC:0000448 ! Uveal Melanoma	DOID:3479 ! uveal cancer	1	3	3
DC:0000448 ! Uveal Melanoma	DOID:6039 ! uveal melanoma	1	3	3
DC:0000452 ! Vertigo	DOID:13941 ! benign paroxysmal positional nystagmus	1	2	2
DC:0000454 ! Vitamin D-Dependent Rickets	DOID:10609 ! rickets	1	4	4
DC:0000456 ! Waardenburg Syndrome	DOID:9258 ! Waardenburg's syndrome	1	10	10
DC:0000462 ! UV-Sensitive Syndrome	DOID:0060240 ! UV-sensitive syndrome	1	3	3
DC:0000467 ! Advanced Sleep-Phase Syndrome	DOID:0050628 ! advanced sleep phase syndrome	1	2	2
DC:0000468 ! Beta-Thalassemia	DOID:12241 ! beta thalassemia	1	3	3
DC:0000469 ! Anemia, Hypochromic Microcytic with Iron Overload	DOID:0050642 ! hypochromic microcytic anemia	1	2	2
DC:0000472 ! Apnea	DOID:0050847 ! sleep apnea	1	3	3
DC:0000473 ! Arterial Calcification, Generalized, of Infancy	DOID:0050644 ! arterial calcification of infancy	1	2	2
DC:0000477 ! Baraitser-Winter Syndrome	DOID:0060229 ! Baraitser-Winter syndrome	1	2	2
DC:0000478 ! Basal Ganglia Calcification, Idiopathic	DOID:0060230 ! basal ganglia calcification	1	5	5
DC:0000480 ! Alternating Hemiplegia of Childhood	DOID:0050635 ! alternating hemiplegia of childhood	1	2	2
DC:0000480 ! Alternating Hemiplegia of Childhood	DOID:10969 ! hemiplegia	1	2	2
DC:0000483 ! Brachyolmia	DOID:0050690 ! brachyolmia	1	4	4
DC:0000487 ! Camurati-Engelmann Disease	DOID:4997 ! Camurati-Engelmann disease	1	2	2
DC:0000488 ! Cardioencephalomyopathy, Fatal Infantile	DOID:0050713 ! fatal infantile encephalocardiomyopathy	1	2	2
DC:0000489 ! Cardiofaciocutaneous Syndrome	DOID:0060233 ! cardiofaciocutaneous syndrome	1	4	4
DC:0000496 ! Coenzyme Q10 Deficiency, Primary	DOID:0050730 ! coenzyme Q10 deficiency disease	1	6	6
DC:0000502 ! Dentinogenesis Imperfecta	DOID:4154 ! dentinogenesis imperfecta	1	2	2
DC:0000505 ! Cleidocranial Dysplasia	DOID:13994 ! cleidocranial dysplasia	1	2	2
DC:0000518 ! FG Syndrome	DOID:14711 ! FG syndrome	1	5	5
DC:0000523 ! Gastric Cancer	DOID:10534 ! stomach cancer	1	2	2
DC:0000530 ! Hermansky-Pudlak Syndrome	DOID:3753 ! Hermansky-Pudlak syndrome	1	9	9
DC:0000531 ! Heterotaxy, Visceral	DOID:0050545 ! visceral heterotaxy	1	6	6
DC:0000539 ! Hypermethioninemia	DOID:0050544 ! hypermethioninemia	1	2	2
DC:0000543 ! Hypoplastic Left Heart Syndrome	DOID:9955 ! hypoplastic left heart syndrome	1	2	2
DC:0000545 ! Inclusion Body Myopathy with Early-Onset Paget Disease with or without Frontotemporal Dementia	DOID:0050881 ! inclusion body myopathy with Paget disease of bone and frontotemporal dementia	1	3	3
DC:0000548 ! Kala-Azar, Susceptibility	DOID:9065 ! leishmaniasis	1	3	3
DC:0000548 ! Kala-Azar, Susceptibility	DOID:9146 ! visceral leishmaniasis	1	3	3
DC:0000555 ! Maple Syrup Urine Disease	DOID:9269 ! maple syrup urine disease	1	3	3
DC:0000557 ! Megalocornea	DOID:0060305 ! megalocornea	1	2	2
DC:0000570 ! Ohdo Syndrome	DOID:0060289 ! Ohdo syndrome	1	3	3
DC:0000571 ! Omodysplasia	DOID:0060288 ! omodysplasia	1	2	2
DC:0000574 ! Osteoporosis	DOID:0080011 ! bone resorption disease	1	2	2
DC:0000574 ! Osteoporosis	DOID:11476 ! osteoporosis	1	2	2
DC:0000575 ! Paroxysmal Nocturnal Hemoglobinuria	DOID:0060284 ! paroxysmal nocturnal hemoglobinuria	1	2	2
DC:0000575 ! Paroxysmal Nocturnal Hemoglobinuria	DOID:576 ! proteinuria	1	2	2
DC:0000575 ! Paroxysmal Nocturnal Hemoglobinuria	DOID:582 ! hemoglobinuria	1	2	2
DC:0000578 ! Persistent Hyperplastic Primary Vitreous	DOID:0060282 ! persistent hyperplastic primary vitreous	1	2	2
DC:0000578 ! Persistent Hyperplastic Primary Vitreous	DOID:9720 ! vitreous disease	1	2	2
DC:0000579 ! Popliteal Pterygium Syndrome	DOID:0060055 ! popliteal pterygium syndrome	1	2	2
DC:0000588 ! Porencephaly	DOID:0060263 ! porencephaly	1	2	2
DC:0000591 ! Renal-Hepatic-Pancreatic Dysplasia	DOID:0060259 ! renal-hepatic-pancreatic dysplasia	1	2	2
DC:0000595 ! Sclerosteosis	DOID:0060251 ! sclerosteosis	1	2	2
DC:0000595 ! Sclerosteosis	DOID:0080036 ! SOST-related sclerosing bone dysplasia	1	2	2
DC:0000596 ! Smith-McCort Dysplasia	DOID:0060247 ! Smith-McCort dysplasia	1	2	2
DC:0000601 ! Three M Syndrome	DOID:0060241 ! 3-M syndrome	1	3	3
DC:0000603 ! Tremor, Hereditary Essential	DOID:4990 ! essential tremor	1	4	4
DC:0000609 ! Urofacial Syndrome	DOID:0050816 ! urofacial syndrome	1	2	2
DC:0000611 ! Warburg Micro Syndrome	DOID:0060237 ! Warburg micro syndrome	1	4	4
DC:0000612 ! Weill-Marchesani Syndrome	DOID:0050475 ! Weill-Marchesani syndrome	1	4	4
DC:0000614 ! Xanthinuria	DOID:0060236 ! xanthinuria	1	2	2
DC:0000617 ! Van Maldergem Syndrome	DOID:0060238 ! Van Maldergem syndrome	1	2	2
DC:0000619 ! Schwannomatosis	DOID:0060115 ! nervous system benign neoplasm	1	2	2
DC:0000619 ! Schwannomatosis	DOID:2001 ! neuroma	1	2	2
DC:0000619 ! Schwannomatosis	DOID:3192 ! neurilemmoma	1	2	2
DC:0000619 ! Schwannomatosis	DOID:3204 ! neurilemmomatosis	1	2	2
DC:0000626 ! White Sponge Nevus	DOID:0050448 ! hereditary mucosal leukokeratosis	1	2	2
DC:0000630 ! Achondrogenesis	DOID:0080043 ! achondrogenesis	1	3	3
DC:0000631 ! Adrenal Hyperplasia	DOID:0050811 ! congenital adrenal hyperplasia	1	5	5
DC:0000635 ! Aortic Aneurysm, Familial Abdominal	DOID:7693 ! abdominal aortic aneurysm	1	4	4
DC:0000637 ! Panic Disorder	DOID:594 ! panic disorder	1	3	3
DC:0000638 ! Breast-Ovarian Cancer, Familial, Susceptibility to	DOID:5683 ! hereditary breast ovarian cancer	1	4	4
DC:0000639 ! Brugada Syndrome	DOID:0050451 ! Brugada syndrome	1	8	8
DC:0000640 ! Short QT Syndrome	DOID:0050793 ! short QT syndrome	1	3	3
DC:0000641 ! Cerebral Palsy, Spastic Quadriplegic	DOID:0050669 ! spastic cerebral palsy	1	2	2
DC:0000641 ! Cerebral Palsy, Spastic Quadriplegic	DOID:10970 ! spastic quadriplegia	1	2	2
DC:0000641 ! Cerebral Palsy, Spastic Quadriplegic	DOID:1969 ! cerebral palsy	1	2	2
DC:0000643 ! Corneal Dystrophy, Fuchs Endothelial	DOID:11555 ! Fuchs' endothelial dystrophy	1	8	8
DC:0000650 ! Hydrolethalus Syndrome	DOID:0050779 ! hydrolethalus syndrome	1	2	2
DC:0000651 ! Pulmonary Hypertension, Primary	DOID:12326 ! chronic pulmonary heart disease	1	5	5
DC:0000651 ! Pulmonary Hypertension, Primary	DOID:14557 ! primary pulmonary hypertension	1	5	5
DC:0000651 ! Pulmonary Hypertension, Primary	DOID:6000 ! congestive heart failure	1	5	5
DC:0000651 ! Pulmonary Hypertension, Primary	DOID:8515 ! Cor pulmonale	1	5	5
DC:0000666 ! Hypertension, Essential	DOID:10825 ! essential hypertension	1	9	9
DC:0000675 ! Macular Dystrophy, Vitelliform	DOID:0050661 ! vitelliform macular dystrophy	1	5	5
